{
  "waila": {
    "show_blocks": true,
    "show_fluids": false,
    "show_entities": true,
    "show_icon": true,
    "icon_position": "MIDDLE",
    "show_mod_name": true,
    "show_item_mod_name": true,
    "show_registry": false
  },
  "minecraft": {
    "item_entity": true,
    "pet.owner": true,
    "pet.hide_unknown_owner": false,
    "attribute.block_position": false,
    "attribute.block_state": false,
    "attribute.entity_position": false,
    "attribute.health": true,
    "attribute.absorption": true,
    "attribute.armor": true,
    "attribute.compact": false,
    "attribute.icon_per_line": 25,
    "attribute.long_health_max": 100,
    "attribute.long_armor_max": 100,
    "attribute.horse_jump_height": true,
    "attribute.horse_speed": true,
    "attribute.panda_genes": true,
    "jukebox.record": true,
    "timer.grow": true,
    "timer.breed": true,
    "override.invisible_entity": true,
    "override.trapped_chest": true,
    "override.powder_snow": true,
    "override.infested": true,
    "override.vehicle": true,
    "breaking_progress.enabled": true,
    "breaking_progress.color": -1426063361,
    "breaking_progress.bottom_only": false,
    "spawner_type": true,
    "crop_progress": true,
    "redstone.lever": true,
    "redstone.repeater": true,
    "redstone.comparator": true,
    "redstone.level": true,
    "player_head.name": true,
    "level.composter": true,
    "level.honey": true,
    "note_block.type": true,
    "note_block.note": "SHARP",
    "note_block.int_value": false,
    "book.enchantment": "CYCLE",
    "book.enchantment_cycle_timing": 500,
    "book.written": true
  },
  "wailax": {
    "energy.enabled_block": true,
    "energy.enabled_entity": true,
    "fluid.enabled_block": true,
    "fluid.enabled_entity": true,
    "fluid.display_unit": "MILLIBUCKETS",
    "progress.enabled_block": true,
    "progress.enabled_entity": true,
    "item.enabled_block": true,
    "item.enabled_entity": true,
    "item.nbt": true,
    "item.max_height": 3,
    "item.sort_by_count": true
  }
}